usuario,ID DE VIDEO EQUIPO,ID DE VIDEO,LINK,MAPA,GENERO,ETNIA,DURACION,CAMARA,ESPECIE,
MATEO,1,1,VIDEO_1,Base militar,Hombre,Blanco,7,Libre,Humano,
MATEO,2,2,VIDEO_2,Castillo,Hombre,Moreno,4,Realizadora,Humano,
MATEO,3,3,VIDEO_3,Castillo,Hombre,Moreno,6,Realizadora,Humano,
MATEO,4,4,VIDEO_4,Castillo,Hombre,Moreno,7,Realizadora,Humano,
MATEO,5,5,VIDEO_5,Castillo,Hombre,Moreno,10,Realizadora,Humano,
MATEO,6,6,VIDEO_6,Pradera,NaN,NaN,8,Libre,Animal,
MATEO,7,7,VIDEO_7,Pradera,NaN,NaN,4,Libre,Animal,
MATEO,8,8,VIDEO_8,Pradera,NaN,NaN,3,Libre,Animal,
MATEO,9,9,VIDEO_9,Pradera,NaN,NaN,8,Libre,Animal,
MATEO,10,10,VIDEO_10,Pradera,NaN,NaN,3,Libre,Animal,
MATEO,11,11,VIDEO_11,Almacén,Hombre,Moreno,3,Realizadora,Humano,
MATEO,12,12,VIDEO_12,Almacén,Hombre,Moreno,3,Realizadora,Humano,
MATEO,13,13,VIDEO_13,Almacén,Hombre,Moreno,4,Realizadora,Humano,
MATEO,14,14,VIDEO_14,Almacén,Hombre,Moreno,10,Realizadora,Humano,
MATEO,15,15,VIDEO_15,Desierto,NaN,NaN,3,Realizadora,Animal,
MATEO,16,16,VIDEO_16,Desierto,NaN,NaN,3,Realizadora,Animal,
MATEO,17,17,VIDEO_17,Desierto,NaN,NaN,9,Realizadora,Animal,
MATEO,18,18,VIDEO_18,Desierto,NaN,NaN,3,Realizadora,Animal,
MATEO,19,19,VIDEO_19,Iglesia,Mujer,Moreno,4,Realizadora,Humano,
MATEO,20,20,VIDEO_20,Iglesia,Mujer,Moreno,5,Realizadora,Humano,
MATEO,21,21,VIDEO_21,Bar,Hombre,Blanco,3,Realizadora,Humano,
MATEO,22,22,VIDEO_22,Bar,Hombre,Blanco,4,Realizadora,Humano,
MATEO,23,23,VIDEO_23,Palacio,NaN,NaN,3,Realizadora,Nan,
MATEO,24,24,VIDEO_24,Palacio,NaN,NaN,4,Realizadora,Nan,
MATEO,25,25,VIDEO_25,Palacio,NaN,NaN,5,Realizadora,Nan,
MATEO,26,26,VIDEO_26,Laboratorio,Hombre,Blanco,4,Realizadora,Humano,
MATEO,27,27,VIDEO_27,Laboratorio,Hombre,Blanco,3,Realizadora,Humano,
MATEO,28,28,VIDEO_28,Laboratorio,Hombre,Blanco,3,Realizadora,Humano,
MATEO,29,29,VIDEO_29,Barco,Hombre,Blanco,3,Realizadora,Humano,
MATEO,30,30,VIDEO_30,Barco,Hombre,Blanco,3,Realizadora,Humano,
MATEO,31,31,VIDEO_31,Barco,Hombre,Blanco,6,Realizadora,Humano,
MATEO,32,32,VIDEO_32,Barco,Hombre,Blanco,3,Realizadora,Humano,
MATEO,33,33,VIDEO_33,Favela,Mujer,Moreno,5,Realizadora,Humano,
MATEO,34,34,VIDEO_34,Favela,Mujer,Moreno,5,Realizadora,Humano,
MATEO,35,35,VIDEO_35,Oficina,Hombre,Moreno,3,Realizadora,Humano,
MATEO,36,36,VIDEO_36,Oficina,Hombre,Moreno,6,Realizadora,Humano,
MATEO,37,37,VIDEO_37,Oficina,Hombre,Moreno,3,Realizadora,Humano,
MATEO,38,38,VIDEO_38,Estación Tren,Hombre,Blanco,10,Realizadora,Humano,
MATEO,39,39,VIDEO_39,Estación Tren,Hombre,Blanco,9,Realizadora,Humano,
MATEO,40,40,VIDEO_40,Basurero,NaN,NaN,4,Realizadora,Nan,
MATEO,41,41,VIDEO_41,Basurero,NaN,NaN,3,Realizadora,Nan,
MATEO,42,42,VIDEO_42,Basurero,NaN,NaN,5,Realizadora,Nan,
MATEO,43,43,VIDEO_43,Basurero,Hombre,Blanco,5,Realizadora,Humano,
MATEO,44,44,VIDEO_44,Jungla,NaN,NaN,7,Realizadora,Nan,
MATEO,45,45,VIDEO_45,Jungla,NaN,NaN,5,Realizadora,Animal,
MATEO,46,46,VIDEO_46,Base militar,Hombre,Blanco,5,Realizadora,Humano,
MATEO,47,47,VIDEO_47,Base militar,Hombre,Blanco,4,Realizadora,Humano,
MATEO,48,48,VIDEO_48,Base militar,Hombre,Blanco,4,Realizadora,Humano,
MATEO,49,49,VIDEO_49,Jungla,Hombre,Moreno,10,Realizadora,Humano,
MATEO,50,50,VIDEO_50,Jungla,NaN,NaN,10,Realizadora,Animal,
MATEO,51,51,VIDEO_51,Teatro,NaN,NaN,4,Realizadora,Nan,
MATEO,52,52,VIDEO_52,Bosque,NaN,NaN,10,Realizadora,Animal,
MATEO,53,53,VIDEO_53,Bosque,NaN,NaN,6,Fija,Animal,
MATEO,54,54,VIDEO_54,Pradera,Hombre,Blanco,9,Libre,Humano,
MATEO,55,55,VIDEO_55,Desierto,Hombre,Blanco,10,Libre,Humano,
MATEO,56,56,VIDEO_56,Oficina,Hombre,Blanco,9,Libre,Humano,
MATEO,57,57,VIDEO_57,Barco,NaN,NaN,8,Fija,Animal,
MATEO,58,58,VIDEO_58,Pradera,NaN,NaN,5,Realizadora,Animal,
MATEO,59,59,VIDEO_59,Ciudad,NaN,NaN,7,Realizadora,Animal,
MATEO,60,60,VIDEO_60,Oficina,Mujer,Moreno,4,Realizadora,Humano,
MATEO,61,61,VIDEO_61,Oficina,Mujer,Moreno,5,Realizadora,Humano,
MATEO,62,62,VIDEO_62,Oficina,Mujer,Moreno,6,Realizadora,Humano,
MATEO,63,63,VIDEO_63,Oficina,Mujer,Moreno,8,Realizadora,Humano,
MATEO,64,64,VIDEO_64,Oficina,Mujer,Moreno,6,Realizadora,Humano,
MATEO,65,65,VIDEO_65,Favela,Hombre,Blanco,5,Realizadora,Humano,
MATEO,66,66,VIDEO_66,Favela,Hombre,Blanco,8,Libre,Humano,
MATEO,67,67,VIDEO_67,Acuario,Mujer,Blanco,7,Libre,Humano,
MATEO,68,68,VIDEO_68,Acuario,Hombre,Blanco,10,Libre,Humano,
MATEO,69,69,VIDEO_69,Bosque,NaN,NaN,10,Realizadora,Animal,
MATEO,70,70,VIDEO_70,Cañon,NaN,NaN,8,Libre,Animal,
MATEO,71,71,VIDEO_71,Hospital,Mujer,Blanco,4,Libre,Humano,
MATEO,72,72,VIDEO_72,Bosque,NaN,NaN,10,Libre,Animal,
MATEO,73,73,VIDEO_73,Bosque,NaN,NaN,10,Libre,Animal,
MATEO,74,74,VIDEO_74,Estación Tren,Hombre,Blanco,6,Libre,Humano,
MATEO,75,75,VIDEO_75,Estación Tren,Hombre,Blanco,6,Libre,Humano,rec
MATEO,76,76,VIDEO_76,Estación Tren,Hombre,Blanco,7,Libre,Humano,rec
MATEO,77,77,VIDEO_77,Estación Tren,Hombre,Blanco,4,Libre,Humano,
MATEO,78,78,VIDEO_78,Cabaña,Mujer,Blanco,6,Libre,Humano,
MATEO,79,79,VIDEO_79,Mansión Antigua,Hombre,Blanco,5,Realizadora,Humano,
MATEO,80,80,VIDEO_80,Mansión Antigua,Hombre,Blanco,5,Realizadora,Humano,
MATEO,81,81,VIDEO_81,Jungla,NaN,Blanco,10,Libre,Animal,
MATEO,82,82,VIDEO_82,Jungla,NaN,Blanco,9,Libre,Animal,
MATEO,83,83,VIDEO_83,Cabaña,Mujer,Blanco,4,Realizadora,Humano,
MATEO,84,84,VIDEO_84,Sabana,Mujer,Blanco,8,Realizadora,Humano,
MATEO,85,85,VIDEO_85,Cabaña,Mujer,Blanco,9,Realizadora,Humano,
MATEO,86,86,VIDEO_86,Cabaña,Mujer,Blanco,6,Realizadora,Humano,
MATEO,87,87,VIDEO_87,Cabaña,Mujer,Blanco,10,Realizadora,Humano,rec
MATEO,88,88,VIDEO_88,Cabaña,Mujer,Blanco,6,Realizadora,Humano,
MATEO,89,89,VIDEO_89,Vecindario,Hombre,Blanco,6,Libre,Humano,
MATEO,90,90,VIDEO_90,Vecindario,NaN,NaN,10,Libre,Nan,
MATEO,91,91,VIDEO_91,Vecindario,NaN,NaN,5,Libre,Nan,
MATEO,92,92,VIDEO_92,Mansión Antigua,Hombre,Blanco,6,Libre,Humano,
MATEO,93,93,VIDEO_93,Teatro,Hombre,Blanco,8,Libre,Humano,
MATEO,94,94,VIDEO_94,Cañon,NaN,NaN,7,Libre,Nan,
MATEO,95,95,VIDEO_95,Mansión Antigua,Hombre,Blanco,6,Realizadora,Humano,
MATEO,96,96,VIDEO_96,Mansión Antigua,Hombre,Blanco,6,Realizadora,Humano,
MATEO,97,97,VIDEO_97,Mansión Antigua,Hombre,Blanco,9,Realizadora,Humano,
MATEO,98,98,VIDEO_98,Mansión Antigua,Hombre,Blanco,9,Realizadora,Humano,
MATEO,99,99,VIDEO_99,Mansión Antigua,Hombre,Blanco,6,Realizadora,Humano,
MATEO,100,100,VIDEO_100,Mansión Antigua,Hombre,Blanco,7,Realizadora,Humano,
MATEO,101,101,VIDEO_101,Jungla,NaN,NaN,5,Realizadora,Animal,
MATEO,102,102,VIDEO_102,Campo,NaN,NaN,8,Libre,Animal,
MATEO,103,103,VIDEO_103,Campo,Hombre,Blanco,3,Libre,Humano,
MATEO,104,104,VIDEO_104,Jungla,NaN,NaN,9,Realizadora,Animal,
MATEO,105,105,VIDEO_105,Jungla,NaN,NaN,10,Realizadora,Animal,
MATEO,106,106,VIDEO_106,Jungla,NaN,NaN,9,Realizadora,Animal,
MATEO,107,107,VIDEO_107,Jungla,NaN,NaN,9,Realizadora,Animal,
MATEO,108,108,VIDEO_108,Jungla,NaN,NaN,8,Realizadora,Animal,
MATEO,109,109,VIDEO_109,Campo,NaN,NaN,10,Fija,Animal,rec
MATEO,110,110,VIDEO_110,Campo,NaN,NaN,8,Fija,Animal,
MATEO,111,111,VIDEO_111,Cañon,NaN,NaN,6,Rail,Animal,
MATEO,112,112,VIDEO_112,Campo,Hombre,Blanco,10,Libre,Humano,rec
MATEO,113,113,VIDEO_113,Cementerio,Hombre,Blanco,7,Libre,Humano,
MATEO,114,114,VIDEO_114,Vecindario,Hombre,Blanco,3,Libre,Humano,
MATEO,115,115,VIDEO_115,Biblioteca,Hombre,Blanco,9,Rail,Humano,
MATEO,116,116,VIDEO_116,Mansión Antigua,Hombre,Blanco,6,Realizadora,Humano,
MATEO,117,117,VIDEO_117,Mansión Antigua,Hombre,Blanco,7,Realizadora,Humano,
MATEO,118,118,VIDEO_118,Laboratorio,Hombre,Blanco,4,Libre,Humano,
MATEO,119,119,VIDEO_119,Cañon,Hombre,Blanco,7,Libre,Humano,
MATEO,120,120,VIDEO_120,Cañon,Hombre,Blanco,7,Libre,Humano,
MATEO,121,121,VIDEO_121,Hospital,Mujer,Blanco,9,Libre,Humano,
MATEO,122,122,VIDEO_122,Base militar,Hombre,Blanco,10,Rail,Humano,rec
MATEO,123,123,VIDEO_123,Almacén,Hombre,Moreno,7,Realizadora,Humano,
MATEO,124,124,VIDEO_124,Almacén,Hombre,Moreno,7,Realizadora,Humano,
MATEO,125,125,VIDEO_125,Jungla,Hombre,Blanco,3,Libre,Humano,
MATEO,126,126,VIDEO_126,Hospital,Mujer,Blanco,6,Libre,Humano,
MATEO,127,127,VIDEO_127,Almacén,Hombre,Moreno,10,Realizadora,Humano,rec
MATEO,128,128,VIDEO_128,Chabolas,Mujer,Moreno,8,Fija,Humano,
MATEO,129,129,VIDEO_129,Campo,NaN,NaN,10,Fija,Animal,
MATEO,130,130,VIDEO_130,Campo,NaN,NaN,7,Fija,Animal,
MATEO,131,131,VIDEO_131,Jungla,NaN,NaN,7,Fija,Animal,
MATEO,132,132,VIDEO_132,Jungla,NaN,NaN,7,Fija,Animal,
MATEO,133,133,VIDEO_133,Bosque,NaN,NaN,9,Fija,Animal,
MATEO,134,134,VIDEO_134,Chabolas,NaN,NaN,10,Libre,Animal,rec
MATEO,135,135,VIDEO_135,Chabolas,NaN,NaN,10,Libre,Animal,rec
MATEO,136,136,VIDEO_136,Chabolas,NaN,NaN,10,Libre,Animal,rec
MATEO,137,137,VIDEO_137,Chabolas,NaN,NaN,10,Libre,Animal,
MATEO,138,138,VIDEO_138,Chabolas,NaN,NaN,10,Libre,Animal,
MATEO,139,139,VIDEO_139,Jungla,NaN,NaN,7,Fija,Animal,
MATEO,140,140,VIDEO_140,Jungla,NaN,NaN,7,Fija,Animal,
MATEO,141,141,VIDEO_141,Cementerio,NaN,NaN,5,Fija,Animal,
MATEO,142,142,VIDEO_142,Cementerio,NaN,NaN,6,Fija,Animal,
MATEO,143,143,VIDEO_143,Sabana,NaN,NaN,9,Fija,Animal,
MATEO,144,144,VIDEO_144,Sabana,NaN,NaN,8,Fija,Animal,
MATEO,145,145,VIDEO_145,Islas griegas,NaN,NaN,6,Fija,Animal,
MATEO,146,146,VIDEO_146,Islas griegas,NaN,NaN,9,Fija,Animal,
MATEO,147,147,VIDEO_147,Islas griegas,NaN,NaN,4,Libre,Animal,
MATEO,148,148,VIDEO_148,Desierto,NaN,NaN,6,Fija,Animal,
MATEO,149,149,VIDEO_149,Vecindario,NaN,NaN,6,Fija,Animal,
MATEO,150,150,VIDEO_150,Vecindario,NaN,NaN,4,Fija,Animal,
MATEO,151,151,VIDEO_151,Tundra,NaN,NaN,5,Fija,Animal,
MATEO,152,152,VIDEO_152,Tundra,NaN,NaN,4,Fija,Animal,
MATEO,153,153,VIDEO_153,Tundra,NaN,NaN,7,Libre,Animal,
MATEO,154,154,VIDEO_154,Restaurante,NaN,NaN,6,Fija,Animal,
MATEO,155,155,VIDEO_155,Restaurante,NaN,NaN,5,Fija,Animal,
MATEO,156,156,VIDEO_156,Chabolas,NaN,NaN,10,Rail,Animal,rep
MATEO,157,157,VIDEO_157,Chabolas,NaN,NaN,10,Fija,Animal,rep
MATEO,158,158,VIDEO_158,Chabolas,NaN,NaN,9,Fija,Animal,
MATEO,159,159,VIDEO_159,Chabolas,NaN,NaN,3,Fija,Animal,
MATEO,160,160,VIDEO_160,Estación Tren,NaN,NaN,6,Fija,Animal,
MATEO,161,161,VIDEO_161,Estación Tren,NaN,NaN,7,Realizadora,Animal,
MATEO,162,162,VIDEO_162,Bosque,NaN,NaN,10,Realizadora,Animal,
MATEO,163,163,VIDEO_163,Refugio Nuclear,Mujer,Blanco,4,Libre,Humano,
MATEO,164,164,VIDEO_164,Venecia,NaN,NaN,7,Rail,Nan,
MATEO,165,165,VIDEO_165,Teatro,Mujer,Blanco,5,Realizadora,Humano,
MATEO,166,166,VIDEO_166,Teatro,Mujer,Blanco,6,Realizadora,Humano,
MATEO,167,167,VIDEO_167,Teatro,Mujer,Blanco,4,Realizadora,Humano,
MATEO,168,168,VIDEO_168,Pradera,Mujer,Blanco,5,Realizadora,Humano,
MATEO,169,169,VIDEO_169,Pradera,Mujer,Blanco,6,Realizadora,Humano,
MATEO,170,170,VIDEO_170,Pradera,Mujer,Blanco,7,Realizadora,Humano,
MATEO,171,171,VIDEO_171,Aldea medieval,NaN,NaN,8,Libre,Animal,
MATEO,172,172,VIDEO_172,Aldea medieval,NaN,NaN,4,Libre,Animal,
MATEO,173,173,VIDEO_173,Aldea medieval,NaN,NaN,6,Libre,Animal,
MATEO,174,174,VIDEO_174,Aldea medieval,NaN,NaN,7,Libre,Animal,
MATEO,175,175,VIDEO_175,Aldea medieval,NaN,NaN,4,Fija,Animal,
MATEO,176,176,VIDEO_176,Teatro,Mujer,Blanco,3,Libre,Humano,
MATEO,177,177,VIDEO_177,Estación Tren,NaN,NaN,4,Realizadora,Animal,
MATEO,178,178,VIDEO_178,Estación Tren,NaN,NaN,6,Realizadora,Animal,
MATEO,179,179,VIDEO_179,Estación Tren,NaN,NaN,6,Fija,Animal,
MATEO,180,180,VIDEO_180,Estación Tren,NaN,NaN,5,Realizadora,Animal,
MATEO,181,181,VIDEO_181,Estación Tren,NaN,NaN,7,Realizadora,Animal,
MATEO,182,182,VIDEO_182,Refugio Nuclear,Mujer,Blanco,8,Libre,Humano,
MATEO,183,183,VIDEO_183,Refugio Nuclear,Mujer,Blanco,4,Realizadora,Humano,
MATEO,184,184,VIDEO_184,Refugio Nuclear,Mujer,Blanco,9,Realizadora,Humano,
MATEO,185,185,VIDEO_185,Bosque,NaN,NaN,8,Realizadora,Animal,
MATEO,186,186,VIDEO_186,Venecia,Mujer,Moreno,7,Libre,Humano,
MATEO,187,187,VIDEO_187,Venecia,Mujer,Moreno,9,Libre,Humano,
MATEO,188,188,VIDEO_188,Venecia,Mujer,Moreno,8,Libre,Humano,
MATEO,189,189,VIDEO_189,Venecia,Mujer,Moreno,9,Rail,Humano,
MATEO,190,190,VIDEO_190,Venecia,Mujer,Moreno,6,Rail,Humano,
MATEO,191,191,VIDEO_191,Venecia,Mujer,Moreno,5,Rail,Humano,
MATEO,192,192,VIDEO_192,Venecia,Mujer,Moreno,7,Rail,Humano,
MATEO,192,193,VIDEO_193,Ciudad,NaN,NaN,7,Libre,Animal,
MATEO,192,194,VIDEO_194,Ciudad,NaN,NaN,6,Libre,Animal,
MATEO,192,195,VIDEO_195,Ciudad,NaN,NaN,3,Fija,Animal,
MATEO,192,196,VIDEO_196,Ciudad,NaN,NaN,4,Libre,Animal,
MATEO,192,197,VIDEO_197,Venecia,Mujer,Blanco,5,Realizadora,Humano,
MATEO,192,198,VIDEO_198,Venecia,Mujer,Blanco,4,Realizadora,Humano,
MATEO,192,199,VIDEO_199,Venecia,Mujer,Blanco,6,Realizadora,Humano,
MATEO,192,200,VIDEO_200,Venecia,Mujer,Blanco,9,Realizadora,Humano,
MATEO,192,201,VIDEO_201,Venecia,Mujer,Blanco,9,Realizadora,Humano,
MATEO,192,202,VIDEO_202,Venecia,Mujer,Blanco,10,Realizadora,Humano,
MATEO,192,203,VIDEO_203,Oficina,Mujer,Blanco,3,Realizadora,Humano,
MATEO,192,204,VIDEO_204,Oficina,Mujer,Blanco,4,Realizadora,Humano,
MATEO,192,205,VIDEO_205,Chabolas,Hombre,Blanco,6,Realizadora,Humano,
MATEO,192,206,VIDEO_206,Chabolas,Hombre,Blanco,8,Realizadora,Humano,
MIGUEL,193,1,VIDEO_1,Almacén,Hombre,Moreno,7,Libre,Humano,
MIGUEL,194,2,VIDEO_2,Banco,NaN,NaN,5,Realizadora,Nan,
MIGUEL,195,3,VIDEO_3,Bar,Hombre,Moreno,10,Fija,Humano,
MIGUEL,196,4,VIDEO_4,Bar,NaN,NaN,5,Realizadora,Nan,
MIGUEL,197,5,VIDEO_5,Barco,NaN,NaN,6,Realizadora,Nan,
MIGUEL,198,6,VIDEO_6,Barco,NaN,NaN,7,Realizadora,Nan,
MIGUEL,199,7,VIDEO_7,Barco,NaN,NaN,5,Realizadora,Nan,
MIGUEL,200,8,VIDEO_8,Base militar,NaN,NaN,5,Realizadora,Nan,
MIGUEL,201,9,VIDEO_9,Base militar,NaN,NaN,6,Libre,Nan,
MIGUEL,202,10,VIDEO_10,Base militar,Hombre,Moreno,9,Realizadora,Humano,
MIGUEL,203,11,VIDEO_11,Base militar,Hombre,Moreno,8,Realizadora,Humano,
MIGUEL,204,12,VIDEO_12,Base militar,Hombre,Moreno,5,Realizadora,Humano,
MIGUEL,205,13,VIDEO_13,Base militar,Hombre,Moreno,8,Realizadora,Humano,
MIGUEL,206,14,VIDEO_14,Base militar,Hombre,Moreno,7,Realizadora,Humano,
MIGUEL,207,15,VIDEO_15,Cabaña,Hombre,Moreno,6,Realizadora,Humano,
MIGUEL,208,16,VIDEO_16,Pradera,NaN,NaN,6,Realizadora,Nan,
MIGUEL,209,17,VIDEO_17,Pradera,NaN,NaN,6,Realizadora,Nan,
MIGUEL,210,18,VIDEO_18,Centro Comercial,Hombre,Moreno,6,Fija,Humano,
MIGUEL,211,19,VIDEO_19,Centro Comercial,Hombre,Moreno,4,Realizadora,Humano,
MIGUEL,212,20,VIDEO_20,Centro Comercial,NaN,NaN,6,Realizadora,Humano,
MIGUEL,213,21,VIDEO_21,Chabolas,Hombre,Moreno,5,Realizadora,Humano,
MIGUEL,214,22,VIDEO_22,Chabolas,NaN,NaN,8,Libre,Nan,
MIGUEL,215,23,VIDEO_23,Chabolas,NaN,NaN,10,Libre,Nan,
MIGUEL,216,24,VIDEO_24,Bosque,NaN,NaN,7,Realizadora,Animal,
MIGUEL,217,25,VIDEO_25,Desierto,NaN,NaN,5,Fija,Animal,
MIGUEL,218,26,VIDEO_26,Desierto,NaN,NaN,5,Fija,Animal,
MIGUEL,219,27,VIDEO_27,Favela,Hombre,Blanco,9,Realizadora,Humano,
MIGUEL,220,28,VIDEO_28,Favela,NaN,NaN,6,Libre,Nan,
MIGUEL,221,29,VIDEO_29,Favela,NaN,NaN,4,Realizadora,Nan,
MIGUEL,222,30,VIDEO_30,Favela,NaN,NaN,5,Realizadora,Nan,
MIGUEL,223,31,VIDEO_31,Iglesia,NaN,NaN,10,Libre,Animal,
MIGUEL,224,32,VIDEO_32,Iglesia,NaN,NaN,5,Libre,Animal,
MIGUEL,225,33,VIDEO_33,Iglesia,NaN,NaN,6,Realizadora,Nan,
MIGUEL,226,34,VIDEO_34,Jungla,NaN,NaN,4,Libre,Animal,
MIGUEL,227,35,VIDEO_35,Jungla,NaN,NaN,5,Realizadora,Animal,
MIGUEL,228,36,VIDEO_36,Jungla,NaN,NaN,6,Realizadora,Animal,
MIGUEL,229,37,VIDEO_37,Jungla,NaN,NaN,5,Realizadora,Nan,
MIGUEL,230,38,VIDEO_38,Jungla,NaN,NaN,5,Realizadora,Nan,
MIGUEL,231,39,VIDEO_39,Jungla,NaN,NaN,6,Realizadora,Animal,
MIGUEL,232,40,VIDEO_40,Mansión Antigua,Hombre,Moreno,10,Realizadora,Humano,
MIGUEL,233,41,VIDEO_41,Mansión Antigua,Hombre,Moreno,9,Realizadora,Humano,
MIGUEL,234,42,VIDEO_42,Mansión Antigua,Hombre,Moreno,10,Realizadora,Humano,
MIGUEL,235,43,VIDEO_43,Mansión Antigua,Hombre,Moreno,10,Realizadora,Humano,
MIGUEL,236,44,VIDEO_44,Mansión Antigua,Hombre,Moreno,8,Realizadora,Humano,
MIGUEL,237,45,VIDEO_45,Museo,Hombre,Moreno,7,Realizadora,Humano,
MIGUEL,238,46,VIDEO_46,Museo,Hombre,Moreno,10,Realizadora,Humano,
MIGUEL,239,47,VIDEO_47,Museo,Hombre,Moreno,7,Realizadora,Humano,
MIGUEL,240,48,VIDEO_48,Oficina,Hombre,Moreno,7,Realizadora,Humano,
MIGUEL,241,49,VIDEO_49,Oficina,Hombre,Moreno,10,Realizadora,Humano,
MIGUEL,242,50,VIDEO_50,Oficina,Hombre,Moreno,4,Realizadora,Humano,
MIGUEL,243,51,VIDEO_51,Palacio,NaN,NaN,6,Libre,Nan,
MIGUEL,244,52,VIDEO_52,Palacio,NaN,NaN,6,Libre,Nan,
MIGUEL,245,53,VIDEO_53,Palacio,NaN,NaN,5,Realizadora,Nan,
MIGUEL,246,54,VIDEO_54,Playa,NaN,NaN,6,Realizadora,Animal,
MIGUEL,247,55,VIDEO_55,Playa,Hombre,Moreno,8,Realizadora,Humano,
MIGUEL,248,56,VIDEO_56,Restaurante,NaN,NaN,7,Libre,Nan,
MIGUEL,249,57,VIDEO_57,Restaurante,NaN,NaN,5,Realizadora,Nan,
MIGUEL,250,58,VIDEO_58,Restaurante,NaN,NaN,5,Realizadora,Nan,
MIGUEL,251,59,VIDEO_59,Sabana,NaN,NaN,5,Realizadora,Animal,
MIGUEL,252,60,VIDEO_60,Estación Tren,Hombre,Blanco,4,Realizadora,Humano,
MIGUEL,253,61,VIDEO_61,Estación Tren,Hombre,Blanco,9,Fija,Humano,
MIGUEL,254,62,VIDEO_62,Estación Tren,Hombre,Blanco,8,Fija,Humano,
MIGUEL,255,63,VIDEO_63,Tundra,NaN,NaN,5,Realizadora,Animal,
MIGUEL,256,64,VIDEO_64,Tundra,NaN,NaN,5,Realizadora,Animal,
MIGUEL,257,65,VIDEO_65,Tundra,NaN,NaN,5,Realizadora,Animal,Recortar
MIGUEL,258,66,VIDEO_66,Vecindario,NaN,NaN,8,Realizadora,Nan,
MIGUEL,259,67,VIDEO_67,Vecindario,NaN,NaN,8,Libre,Nan,
MIGUEL,260,68,VIDEO_68,Vecindario,NaN,NaN,8,Libre,Nan,
MIGUEL,261,69,VIDEO_69,Vecindario,NaN,NaN,5,Realizadora,Nan,
MIGUEL,262,70,VIDEO_70,Vecindario,NaN,NaN,8,Realizadora,Nan,
MIGUEL,263,71,VIDEO_71,Vecindario,NaN,NaN,9,Realizadora,Nan,
MIGUEL,264,72,VIDEO_72,Base militar,NaN,NaN,8,Libre,Nan,Recortar
MIGUEL,265,73,VIDEO_73,Iglesia,NaN,NaN,8,Realizadora,Nan,
MIGUEL,266,74,VIDEO_74,Iglesia,Hombre,Moreno,6,Realizadora,Humano,
MIGUEL,267,75,VIDEO_75,Basurero,NaN,NaN,5,Primera Persona,Nan,
MIGUEL,268,76,VIDEO_76,Basurero,NaN,NaN,5,Primera Persona,Nan,
MIGUEL,269,77,VIDEO_77,Basurero,Hombre,Moreno,6,Realizadora,Humano,
MIGUEL,270,78,VIDEO_78,Basurero,Hombre,Moreno,8,Realizadora,Humano,
MIGUEL,271,79,VIDEO_79,Basurero,NaN,NaN,5,Realizadora,Nan,
MIGUEL,272,80,VIDEO_80,Islas griegas,NaN,NaN,10,Libre,Nan,
MIGUEL,273,81,VIDEO_81,Islas griegas,NaN,NaN,6,Libre,Nan,
MIGUEL,274,82,VIDEO_82,Islas griegas,NaN,NaN,5,Realizadora,Nan,
MIGUEL,275,83,VIDEO_83,Islas griegas,NaN,NaN,9,Libre,Nan,
MIGUEL,276,84,VIDEO_84,Aldea medieval,NaN,NaN,7,Rail,Nan,
MIGUEL,277,85,VIDEO_85,Refugio Nuclear,NaN,NaN,10,Primera Persona,Nan,
MIGUEL,278,86,VIDEO_86,Refugio Nuclear,NaN,NaN,8,Primera Persona,Nan,
MIGUEL,279,87,VIDEO_87,Refugio Nuclear,NaN,NaN,7,Primera Persona,Nan,
MIGUEL,280,88,VIDEO_88,Castillo ruina,NaN,NaN,10,Rail,Nan,
MIGUEL,281,89,VIDEO_89,Castillo ruina,NaN,NaN,7,Rail,Nan,
MIGUEL,282,90,VIDEO_90,Castillo ruina,NaN,NaN,10,Rail,Nan,
MIGUEL,283,91,VIDEO_91,Islas griegas,NaN,NaN,9,Rail,Nan,
MIGUEL,284,92,VIDEO_92,Islas griegas,NaN,NaN,10,Rail,Nan,
MIGUEL,285,93,VIDEO_93,Oficina,NaN,NaN,10,Rail,Nan,
MIGUEL,286,94,VIDEO_94,Oficina,NaN,NaN,10,Rail,Nan,
MIGUEL,287,95,VIDEO_95,Oficina,NaN,NaN,10,Rail,Nan,
MIGUEL,288,96,VIDEO_96,Oficina,NaN,NaN,10,Rail,Nan,
MIGUEL,289,97,VIDEO_97,Oficina,NaN,NaN,10,Rail,Nan,
MIGUEL,290,98,VIDEO_98,Estación Tren,Hombre,Moreno,5,Fija,Humano,
MIGUEL,291,99,VIDEO_99,Playa,Hombre,Moreno,7,Realizadora,Humano,
MIGUEL,292,100,VIDEO_100,Estación Tren,Hombre,Moreno,6,Fija,Humano,
MIGUEL,293,101,VIDEO_101,Jungla,NaN,NaN,9,Primera Persona,Nan,
MIGUEL,294,102,VIDEO_102,Pradera,NaN,NaN,7,Realizadora,Nan,
MIGUEL,295,103,VIDEO_103,Pradera,NaN,NaN,8,Libre,Nan,
MIGUEL,296,104,VIDEO_104,Pradera,NaN,NaN,5,Primera Persona,Nan,
MIGUEL,297,105,VIDEO_105,Museo,Mujer,Blanco,9,Rail,Humano,
MIGUEL,298,106,VIDEO_106,Bosque,NaN,NaN,8,Primera Persona,Nan,
MIGUEL,299,107,VIDEO_107,Favela,NaN,NaN,4,Primera Persona,Nan,
MIGUEL,300,108,VIDEO_108,Favela,NaN,NaN,5,Primera Persona,Nan,
MIGUEL,301,109,VIDEO_109,Favela,NaN,NaN,9,Primera Persona,Nan,
MIGUEL,302,110,VIDEO_110,Favela,NaN,NaN,8,Primera Persona,Nan,
MIGUEL,303,111,VIDEO_111,Refugio Nuclear,Hombre,Moreno,5,Realizadora,Humano,
MIGUEL,304,112,VIDEO_112,Vecindario,NaN,NaN,10,Rail,Nan,
MIGUEL,305,113,VIDEO_113,Vecindario,NaN,NaN,7,Rail,Nan,
MIGUEL,306,114,VIDEO_114,Vecindario,NaN,NaN,6,Realizadora,Nan,
MIGUEL,307,115,VIDEO_115,Playa,NaN,NaN,8,Realizadora,Nan,
MIGUEL,308,116,VIDEO_116,Playa,NaN,NaN,6,Realizadora,Nan,
MIGUEL,309,117,VIDEO_117,Acuario,NaN,NaN,6,Realizadora,Nan,
MIGUEL,310,118,VIDEO_118,Jungla,NaN,NaN,8,Primera Persona,Nan,Recortar
MIGUEL,311,119,VIDEO_119,Jungla,NaN,NaN,8,Primera Persona,Nan,
MIGUEL,312,120,VIDEO_120,Jungla,NaN,NaN,6,Primera Persona,Nan,
MIGUEL,313,121,VIDEO_121,Restaurante,NaN,NaN,9,Primera Persona,Nan,
MIGUEL,314,122,VIDEO_122,Restaurante,NaN,NaN,5,Primera Persona,Nan,
MIGUEL,315,123,VIDEO_123,Bosque,NaN,NaN,5,Primera Persona,Nan,Recortar
MIGUEL,316,124,VIDEO_124,Bosque,NaN,NaN,7,Primera Persona,Nan,
MIGUEL,317,125,VIDEO_125,Favela,NaN,NaN,7,Primera Persona,Nan,
MIGUEL,318,126,VIDEO_126,Favela,NaN,NaN,8,Primera Persona,Nan,
MIGUEL,319,127,VIDEO_127,Almacén,NaN,NaN,7,Primera Persona,Nan,
MIGUEL,320,128,VIDEO_128,Almacén,NaN,NaN,3,Primera Persona,Nan,
MIGUEL,321,129,VIDEO_129,Almacén,NaN,NaN,3,Primera Persona,Nan,
MIGUEL,322,130,VIDEO_130,Almacén,NaN,NaN,7,Primera Persona,Nan,
MIGUEL,323,131,VIDEO_131,Almacén,NaN,NaN,9,Primera Persona,Nan,
MIGUEL,324,132,VIDEO_132,Almacén,NaN,NaN,10,Primera Persona,Nan,
MIGUEL,325,133,VIDEO_133,Almacén,NaN,NaN,7,Primera Persona,Nan,
MIGUEL,326,134,VIDEO_134,Almacén,NaN,NaN,7,Libre,Nan,
MIGUEL,327,135,VIDEO_135,Centro Comercial,NaN,NaN,6,Realizadora,Nan,
MIGUEL,328,136,VIDEO_136,Centro Comercial,NaN,NaN,6,Libre,Nan,
MIGUEL,329,137,VIDEO_137,Centro Comercial,NaN,NaN,10,Libre,Nan,
MIGUEL,330,138,VIDEO_138,Centro Comercial,NaN,NaN,5,Primera Persona,Nan,
MIGUEL,331,139,VIDEO_139,Centro Comercial,NaN,NaN,7,Primera Persona,Nan,
MIGUEL,332,140,VIDEO_140,Centro Comercial,NaN,NaN,6,Primera Persona,Nan,
MIGUEL,333,141,VIDEO_141,Vecindario,NaN,NaN,6,Primera Persona,Nan,
MIGUEL,334,142,VIDEO_142,Vecindario,NaN,NaN,5,Primera Persona,Nan,
MIGUEL,335,143,VIDEO_143,Vecindario,NaN,NaN,6,Primera Persona,Nan,
MIGUEL,336,144,VIDEO_144,Vecindario,NaN,NaN,6,Primera Persona,Nan,
MIGUEL,337,145,VIDEO_145,Vecindario,NaN,NaN,6,Primera Persona,Nan,
MIGUEL,338,146,VIDEO_146,Vecindario,NaN,NaN,7,Primera Persona,Nan,
MIGUEL,339,147,VIDEO_147,Vecindario,NaN,NaN,5,Primera Persona,Nan,
MIGUEL,340,148,VIDEO_148,Bosque,NaN,NaN,5,Libre,Nan,
MIGUEL,341,149,VIDEO_149,Vecindario,NaN,NaN,7,Realizadora,Nan,
MIGUEL,342,150,VIDEO_150,Islas griegas,NaN,NaN,7,Rail,Nan,
MIGUEL,343,151,VIDEO_151,Acuario,NaN,NaN,10,Rail,Nan,
MIGUEL,344,152,VIDEO_152,Estación Tren,NaN,NaN,9,Rail,Nan,
MIGUEL,345,153,VIDEO_153,Pradera,NaN,NaN,9,Rail,Nan,
MIGUEL,346,154,VIDEO_154,Restaurante,NaN,NaN,9,Rail,Nan,
MIGUEL,347,155,VIDEO_155,Restaurante,NaN,NaN,8,Rail,Nan,
MIGUEL,348,156,VIDEO_156,Sabana,NaN,NaN,9,Rail,Nan,
MIGUEL,349,157,VIDEO_157,Sabana,NaN,NaN,9,Rail,Animal,
MIGUEL,350,158,VIDEO_158,Sabana,NaN,NaN,8,Rail,Animal,
MIGUEL,351,159,VIDEO_159,Centro Comercial,NaN,NaN,10,Rail,Nan,
MIGUEL,352,160,VIDEO_160,Cabaña,NaN,NaN,8,Rail,Nan,
MIGUEL,353,161,VIDEO_161,Iglesia,NaN,NaN,10,Rail,Nan,
MIGUEL,354,162,VIDEO_162,Iglesia,NaN,NaN,10,Rail,Nan,
MIGUEL,355,163,VIDEO_163,Playa,NaN,NaN,10,Rail,Nan,
MIGUEL,356,164,VIDEO_164,Acuario,NaN,NaN,5,Realizadora,Nan,
MIGUEL,357,165,VIDEO_165,Sabana,NaN,NaN,9,Rail,Animal,
MIGUEL,358,166,VIDEO_166,Centro Comercial,NaN,NaN,9,Rail,Nan,
MIGUEL,359,167,VIDEO_167,Centro Comercial,NaN,NaN,6,Rail,Nan,
MIGUEL,360,168,VIDEO_168,Centro Comercial,NaN,NaN,10,Rail,Nan,
MIGUEL,361,169,VIDEO_169,Jungla,Mujer,Blanco,8,Fija,Humano,
MIGUEL,362,170,VIDEO_170,Jungla,Mujer,Blanco,7,Fija,Humano,
MIGUEL,363,171,VIDEO_171,Jungla,Mujer,Blanco,6,Fija,Humano,
MIGUEL,364,172,VIDEO_172,Iglesia,Mujer,Blanco,6,Fija,Humano,
MIGUEL,365,173,VIDEO_173,Iglesia,Mujer,Blanco,8,Fija,Humano,
MIGUEL,366,174,VIDEO_174,Restaurante,Mujer,Moreno,8,Libre,Humano,
MIGUEL,367,175,VIDEO_175,Restaurante,Mujer,Moreno,10,Realizadora,Humano,
MIGUEL,368,176,VIDEO_176,Restaurante,Mujer,Moreno,7,Fija,Humano,
MIGUEL,369,177,VIDEO_177,Restaurante,Mujer,Moreno,8,Fija,Humano,
MIGUEL,370,178,VIDEO_178,Estación Tren,Mujer,Blanco,9,Fija,Humano,
MIGUEL,371,179,VIDEO_179,Estación Tren,Mujer,Blanco,8,Fija,Humano,
MIGUEL,372,180,VIDEO_180,Estación Tren,Mujer,Blanco,7,Fija,Humano,
MIGUEL,373,181,VIDEO_181,Bosque,Mujer,Blanco,6,Realizadora,Humano,
MIGUEL,374,182,VIDEO_182,Bosque,Mujer,Blanco,5,Fija,Humano,Recortar
MIGUEL,375,183,VIDEO_183,Almacén,Mujer,Moreno,10,Libre,Humano,
MIGUEL,376,184,VIDEO_184,Almacén,Mujer,Moreno,10,Libre,Humano,Recortar
MIGUEL,377,185,VIDEO_185,Barco Pirata,Mujer,Blanco,10,Libre,Humano,
MIGUEL,378,186,VIDEO_186,Museo,Mujer,Blanco,6,Realizadora,Humano,
MIGUEL,379,187,VIDEO_187,Museo,Mujer,Blanco,10,Fija,Humano,
MIGUEL,380,188,VIDEO_188,Museo,Mujer,Blanco,8,Fija,Humano,
MIGUEL,381,189,VIDEO_189,Museo,NaN,NaN,7,Libre,Humano,
MIGUEL,382,190,VIDEO_190,Museo,Mujer,Moreno,7,Libre,Humano,
MIGUEL,383,191,VIDEO_191,Chabolas,Mujer,Blanco,8,Fija,Humano,
MIGUEL,384,192,VIDEO_192,Chabolas,Mujer,Blanco,7,Fija,Humano,
MIGUEL,385,193,VIDEO_193,Chabolas,Mujer,Blanco,8,Fija,Humano,
MIGUEL,386,194,VIDEO_194,Chabolas,Mujer,Blanco,7,Realizadora,Humano,
MIGUEL,387,195,VIDEO_195,Chabolas,Mujer,Blanco,8,Realizadora,Humano,
MIGUEL,388,196,VIDEO_196,Laboratorio Polar,Mujer,Moreno,10,Fija,Humano,
MIGUEL,389,197,VIDEO_197,Laboratorio Polar,Mujer,Moreno,10,Fija,Humano,
MIGUEL,390,198,VIDEO_198,Refugio Nuclear,Mujer,Moreno,8,Fija,Humano,
MIGUEL,391,199,VIDEO_199,Refugio Nuclear,Mujer,Moreno,9,Fija,Humano,
MIGUEL,392,200,VIDEO_200,Refugio Nuclear,NaN,NaN,9,Realizadora,Humano,